CNV_id	chr	start	end	width	genes	has_detox	AOcol	BFcol	BFgam	CIcol	CMgam	FRgam	GAgam	GHcol	GHgam	GM	GNcol	GNgam	GQgam	GW	KE	UGgam
SUM_ACE1	2R	3436800	3639600	202800	AGAP001356;AGAP001357;AGAP001358;AGAP001360;AGAP001361;AGAP001362;AGAP001363;AGAP001364;AGAP001365;AGAP001366;AGAP001367	FALSE	0.000000000000000	0.040000000000000	0.164835164835165	0.774647887323943	0.000000000000000	0.000000000000000	0.000000000000000	0.036363636363636	0.416666666666666	0.000000000000000	0.000000000000000	0.105263157894737	0.000000000000000	0.000000000000000	0.000000000000000	0.000000000000000
CNV_2R0132	2R	3436800	3639600	202800	AGAP001356;AGAP001357;AGAP001358;AGAP001360;AGAP001361;AGAP001362;AGAP001363;AGAP001364;AGAP001365;AGAP001366;AGAP001367	FALSE	0.000000000000000	0.026666666666667	0.076923076923077	0.464788732394366	0.000000000000000	0.000000000000000	0.000000000000000	0.000000000000000	0.083333333333333	0.000000000000000	0.000000000000000	0.078947368421053	0.000000000000000	0.000000000000000	0.000000000000000	0.000000000000000
CNV_2R0676	2R	3453000	3639000	186000	AGAP001356;AGAP001357;AGAP001358;AGAP001360;AGAP001361;AGAP001362;AGAP001363;AGAP001364;AGAP001365;AGAP001366;AGAP001367	FALSE	0.000000000000000	0.000000000000000	0.032967032967033	0.098591549295775	0.000000000000000	0.000000000000000	0.000000000000000	0.000000000000000	0.000000000000000	0.000000000000000	0.000000000000000	0.026315789473684	0.000000000000000	0.000000000000000	0.000000000000000	0.000000000000000
CNV_2R0176	2R	3465900	3639600	173700	AGAP001356;AGAP001357;AGAP001358;AGAP001360;AGAP001361;AGAP001362;AGAP001363;AGAP001364;AGAP001365;AGAP001366;AGAP001367	FALSE	0.000000000000000	0.000000000000000	0.032967032967033	0.112676056338028	0.000000000000000	0.000000000000000	0.000000000000000	0.000000000000000	0.333333333333333	0.000000000000000	0.000000000000000	0.000000000000000	0.000000000000000	0.000000000000000	0.000000000000000	0.000000000000000
CNV_2R0185	2R	3465900	3639000	173100	AGAP001356;AGAP001357;AGAP001358;AGAP001360;AGAP001361;AGAP001362;AGAP001363;AGAP001364;AGAP001365;AGAP001366;AGAP001367	FALSE	0.000000000000000	0.013333333333333	0.021978021978022	0.098591549295775	0.000000000000000	0.000000000000000	0.000000000000000	0.036363636363636	0.000000000000000	0.000000000000000	0.000000000000000	0.000000000000000	0.000000000000000	0.000000000000000	0.000000000000000	0.000000000000000
