BIC_coef	BIC_se	BIC_z	BIC_p_chisq	variant	BIC_OR	pval_chisq_v_null
1.38375968755038	0.367243006413609	3.76796743133051	0.000164582168493696	(Intercept)	0.250634472142579	0.000742419192221118
-0.216082192385652	0.0688972024167829	-3.13629849697664	0.00171094965603403	CNV	1.24120439235834	0.000742419192221118
