BIC_coef	BIC_se	BIC_z	BIC_p_chisq	variant	BIC_OR
(Intercept)	10.1212768689196	2.21850656114359	4.56220281075137	5.06197149743698e-06	(Intercept)	4.02147437785293e-05
CNV	-2.82820558837819	0.616199864627413	-4.58975366716166	4.43769402883241e-06	CNV	16.9150809578452
