coef	se	zscore	p_chisq	variant	OR	model_pval	model_deviance
(Intercept)	10.1212768689196	2.21850656114358	4.56220281075136	5.06197149743709e-06	(Intercept)	4.02147437785302e-05	6.42562274154862e-10	38.1876987784163
CNV	-2.82820558837819	0.616199864627413	-4.58975366716166	4.43769402883246e-06	CNV	16.9150809578451	6.42562274154862e-10	38.1876987784163
